run_id,time,n_agents,collisions_cum,near_misses_cum,throughput_cum,mean_speed_inst
sim_run,0.000,0,0,0,0.000,0.000
sim_run,0.017,0,0,0,0.000,0.000
sim_run,0.033,0,0,0,0.000,0.000
sim_run,0.050,0,0,0,0.000,0.000
sim_run,0.067,0,0,0,0.000,0.000
sim_run,0.083,0,0,0,0.000,0.000
sim_run,0.100,0,0,0,0.000,0.000
sim_run,0.117,0,0,0,0.000,0.000
sim_run,0.133,0,0,0,0.000,0.000
sim_run,0.150,0,0,0,0.000,0.000
sim_run,0.167,0,0,0,0.000,0.000
sim_run,0.183,0,0,0,0.000,0.000
sim_run,0.200,0,0,0,0.000,0.000
sim_run,0.217,0,0,0,0.000,0.000
sim_run,0.233,0,0,0,0.000,0.000
sim_run,0.250,0,0,0,0.000,0.000
sim_run,0.267,0,0,0,0.000,0.000
sim_run,0.283,0,0,0,0.000,0.000
sim_run,0.300,0,0,0,0.000,0.000
sim_run,0.317,0,0,0,0.000,0.000
sim_run,0.333,0,0,0,0.000,0.000
sim_run,0.350,0,0,0,0.000,0.000
sim_run,0.367,0,0,0,0.000,0.000
sim_run,0.383,0,0,0,0.000,0.000
sim_run,0.400,0,0,0,0.000,0.000
sim_run,0.417,0,0,0,0.000,0.000
sim_run,0.433,0,0,0,0.000,0.000
sim_run,0.450,0,0,0,0.000,0.000
sim_run,0.467,0,0,0,0.000,0.000
sim_run,0.483,0,0,0,0.000,0.000
sim_run,0.500,0,0,0,0.000,0.000
sim_run,0.517,0,0,0,0.000,0.000
sim_run,0.533,0,0,0,0.000,0.000
sim_run,0.550,0,0,0,0.000,0.000
sim_run,0.567,0,0,0,0.000,0.000
sim_run,0.583,0,0,0,0.000,0.000
sim_run,0.600,0,0,0,0.000,0.000
sim_run,0.617,0,0,0,0.000,0.000
sim_run,0.633,0,0,0,0.000,0.000
sim_run,0.650,0,0,0,0.000,0.000
sim_run,0.667,0,0,0,0.000,0.000
sim_run,0.683,0,0,0,0.000,0.000
sim_run,0.700,0,0,0,0.000,0.000
sim_run,0.717,0,0,0,0.000,0.000
sim_run,0.733,0,0,0,0.000,0.000
sim_run,0.750,0,0,0,0.000,0.000
sim_run,0.767,0,0,0,0.000,0.000
sim_run,0.783,0,0,0,0.000,0.000
sim_run,0.800,0,0,0,0.000,0.000
sim_run,0.817,0,0,0,0.000,0.000
sim_run,0.833,0,0,0,0.000,0.000
sim_run,0.850,0,0,0,0.000,0.000
sim_run,0.867,0,0,0,0.000,0.000
sim_run,0.883,0,0,0,0.000,0.000
sim_run,0.900,0,0,0,0.000,0.000
sim_run,0.917,0,0,0,0.000,0.000
sim_run,0.933,0,0,0,0.000,0.000
sim_run,0.950,0,0,0,0.000,0.000
sim_run,0.967,0,0,0,0.000,0.000
sim_run,0.983,0,0,0,0.000,0.000
sim_run,1.000,0,0,0,0.000,0.000
sim_run,1.017,0,0,0,0.000,0.000
sim_run,1.033,0,0,0,0.000,0.000
sim_run,1.050,0,0,0,0.000,0.000
sim_run,1.067,0,0,0,0.000,0.000
sim_run,1.083,0,0,0,0.000,0.000
sim_run,1.100,0,0,0,0.000,0.000
sim_run,1.117,0,0,0,0.000,0.000
sim_run,1.133,0,0,0,0.000,0.000
sim_run,1.150,0,0,0,0.000,0.000
sim_run,1.167,0,0,0,0.000,0.000
sim_run,1.183,0,0,0,0.000,0.000
sim_run,1.200,1,0,0,0.000,1.506
sim_run,1.217,1,0,0,0.000,1.506
sim_run,1.233,1,0,0,0.000,1.506
sim_run,1.250,1,0,0,0.000,1.506
sim_run,1.267,1,0,0,0.000,1.506
sim_run,1.283,1,0,0,0.000,1.506
sim_run,1.300,1,0,0,0.000,1.506
sim_run,1.317,1,0,0,0.000,1.506
sim_run,1.333,1,0,0,0.000,1.506
sim_run,1.350,1,0,0,0.000,1.506
sim_run,1.367,1,0,0,0.000,1.506
sim_run,1.383,1,0,0,0.000,1.506
sim_run,1.400,1,0,0,0.000,1.506
sim_run,1.417,1,0,0,0.000,1.506
sim_run,1.433,1,0,0,0.000,1.506
sim_run,1.450,1,0,0,0.000,1.506
sim_run,1.467,1,0,0,0.000,1.506
sim_run,1.483,1,0,0,0.000,1.506
sim_run,1.500,1,0,0,0.000,1.506
sim_run,1.517,1,0,0,0.000,1.506
sim_run,1.533,1,0,0,0.000,1.506
sim_run,1.550,1,0,0,0.000,1.506
sim_run,1.567,1,0,0,0.000,1.506
sim_run,1.583,1,0,0,0.000,1.506
sim_run,1.600,1,0,0,0.000,1.506
sim_run,1.617,1,0,0,0.000,1.506
sim_run,1.633,1,0,0,0.000,1.506
sim_run,1.650,1,0,0,0.000,1.506
sim_run,1.667,1,0,0,0.000,1.506
sim_run,1.683,1,0,0,0.000,1.506
sim_run,1.700,1,0,0,0.000,1.506
sim_run,1.717,1,0,0,0.000,1.506
sim_run,1.733,1,0,0,0.000,1.506
sim_run,1.750,1,0,0,0.000,1.506
sim_run,1.767,1,0,0,0.000,1.506
sim_run,1.783,1,0,0,0.000,1.506
sim_run,1.800,1,0,0,0.000,1.506
sim_run,1.817,1,0,0,0.000,1.506
sim_run,1.833,1,0,0,0.000,1.506
sim_run,1.850,1,0,0,0.000,1.506
sim_run,1.867,1,0,0,0.000,1.506
sim_run,1.883,1,0,0,0.000,1.506
sim_run,1.900,1,0,0,0.000,1.506
sim_run,1.917,1,0,0,0.000,1.506
sim_run,1.933,1,0,0,0.000,1.506
sim_run,1.950,1,0,0,0.000,1.506
sim_run,1.967,1,0,0,0.000,1.506
sim_run,1.983,1,0,0,0.000,1.506
sim_run,2.000,1,0,0,0.000,1.506
sim_run,2.017,1,0,0,0.000,1.506
sim_run,2.033,1,0,0,0.000,1.506
sim_run,2.050,1,0,0,0.000,1.506
sim_run,2.067,2,0,0,0.000,1.496
sim_run,2.083,2,0,0,0.000,1.496
sim_run,2.100,2,0,0,0.000,1.496
sim_run,2.117,2,0,0,0.000,1.496
sim_run,2.133,2,0,0,0.000,1.496
sim_run,2.150,2,0,0,0.000,1.496
sim_run,2.167,2,0,0,0.000,1.496
sim_run,2.183,2,0,0,0.000,1.495
sim_run,2.200,2,0,0,0.000,1.495
sim_run,2.217,2,0,0,0.000,1.495
sim_run,2.233,2,0,0,0.000,1.495
sim_run,2.250,2,0,0,0.000,1.495
sim_run,2.267,2,0,0,0.000,1.495
sim_run,2.283,2,0,0,0.000,1.495
sim_run,2.300,2,0,0,0.000,1.495
sim_run,2.317,2,0,0,0.000,1.495
sim_run,2.333,2,0,0,0.000,1.495
sim_run,2.350,2,0,0,0.000,1.495
sim_run,2.367,2,0,0,0.000,1.495
sim_run,2.383,2,0,0,0.000,1.495
sim_run,2.400,2,0,0,0.000,1.495
sim_run,2.417,2,0,0,0.000,1.494
sim_run,2.433,2,0,0,0.000,1.494
sim_run,2.450,2,0,0,0.000,1.494
sim_run,2.467,2,0,0,0.000,1.494
sim_run,2.483,2,0,0,0.000,1.494
sim_run,2.500,2,0,0,0.000,1.494
sim_run,2.517,2,0,0,0.000,1.494
sim_run,2.533,2,0,0,0.000,1.494
sim_run,2.550,2,0,0,0.000,1.494
sim_run,2.567,2,0,0,0.000,1.494
sim_run,2.583,2,0,0,0.000,1.494
sim_run,2.600,2,0,0,0.000,1.494
sim_run,2.617,2,0,0,0.000,1.494
sim_run,2.633,2,0,0,0.000,1.494
sim_run,2.650,2,0,0,0.000,1.494
sim_run,2.667,2,0,0,0.000,1.494
sim_run,2.683,2,0,0,0.000,1.494
sim_run,2.700,2,0,0,0.000,1.494
sim_run,2.717,2,0,0,0.000,1.494
sim_run,2.733,2,0,0,0.000,1.494
sim_run,2.750,3,0,1,0.000,1.464
sim_run,2.767,3,0,2,0.000,1.456
sim_run,2.783,3,0,3,0.000,1.448
sim_run,2.800,3,0,4,0.000,1.441
sim_run,2.817,3,0,5,0.000,1.433
sim_run,2.833,3,0,6,0.000,1.427
sim_run,2.850,3,0,7,0.000,1.420
sim_run,2.867,3,0,8,0.000,1.414
sim_run,2.883,3,0,9,0.000,1.408
sim_run,2.900,3,0,10,0.000,1.402
sim_run,2.917,3,0,11,0.000,1.396
sim_run,2.933,3,0,12,0.000,1.391
sim_run,2.950,3,0,13,0.000,1.386
sim_run,2.967,3,0,14,0.000,1.381
sim_run,2.983,3,0,15,0.000,1.377
sim_run,3.000,3,0,16,0.000,1.373
sim_run,3.017,3,0,17,0.000,1.369
sim_run,3.033,3,0,18,0.000,1.365
sim_run,3.050,3,0,19,0.000,1.361
sim_run,3.067,3,0,20,0.000,1.358
sim_run,3.083,3,0,21,0.000,1.355
sim_run,3.100,3,0,22,0.000,1.352
sim_run,3.117,3,0,23,0.000,1.349
sim_run,3.133,3,0,24,0.000,1.347
sim_run,3.150,3,0,24,0.000,1.345
sim_run,3.167,3,0,24,0.000,1.342
sim_run,3.183,3,0,24,0.000,1.340
sim_run,3.200,3,0,24,0.000,1.339
sim_run,3.217,3,0,24,0.000,1.337
sim_run,3.233,3,0,24,0.000,1.335
sim_run,3.250,4,0,24,0.000,1.264
sim_run,3.267,4,0,24,0.000,1.264
sim_run,3.283,4,0,24,0.000,1.263
sim_run,3.300,4,0,24,0.000,1.262
sim_run,3.317,4,0,24,0.000,1.261
sim_run,3.333,4,0,24,0.000,1.261
sim_run,3.350,4,0,24,0.000,1.260
sim_run,3.367,4,0,24,0.000,1.260
sim_run,3.383,4,0,24,0.000,1.259
sim_run,3.400,4,0,24,0.000,1.259
sim_run,3.417,4,0,24,0.000,1.259
sim_run,3.433,4,0,24,0.000,1.259
sim_run,3.450,4,0,24,0.000,1.259
sim_run,3.467,4,0,24,0.000,1.259
sim_run,3.483,4,0,24,0.000,1.259
sim_run,3.500,4,0,24,0.000,1.259
sim_run,3.517,4,0,24,0.000,1.259
sim_run,3.533,4,0,24,0.000,1.259
sim_run,3.550,4,0,24,0.000,1.259
sim_run,3.567,4,0,24,0.000,1.259
sim_run,3.583,4,0,24,0.000,1.260
sim_run,3.600,4,0,24,0.000,1.260
sim_run,3.617,4,0,24,0.000,1.260
sim_run,3.633,4,0,24,0.000,1.261
sim_run,3.650,4,0,24,0.000,1.261
sim_run,3.667,4,0,24,0.000,1.262
sim_run,3.683,4,0,24,0.000,1.262
sim_run,3.700,4,0,24,0.000,1.262
sim_run,3.717,4,0,24,0.000,1.263
sim_run,3.733,4,0,24,0.000,1.263
sim_run,3.750,4,0,24,0.000,1.264
sim_run,3.767,4,0,24,0.000,1.264
sim_run,3.783,4,0,24,0.000,1.265
sim_run,3.800,4,0,24,0.000,1.265
sim_run,3.817,4,0,24,0.000,1.266
sim_run,3.833,4,0,24,0.000,1.267
sim_run,3.850,5,0,24,0.000,1.293
sim_run,3.867,5,0,24,0.000,1.293
sim_run,3.883,5,0,24,0.000,1.293
sim_run,3.900,5,0,24,0.000,1.294
sim_run,3.917,5,0,24,0.000,1.294
sim_run,3.933,5,0,24,0.000,1.295
sim_run,3.950,5,0,24,0.000,1.295
sim_run,3.967,5,0,24,0.000,1.296
sim_run,3.983,5,0,24,0.000,1.296
sim_run,4.000,5,0,24,0.000,1.297
sim_run,4.017,5,0,24,0.000,1.297
sim_run,4.033,5,0,24,0.000,1.298
sim_run,4.050,5,0,24,0.000,1.298
sim_run,4.067,5,0,24,0.000,1.299
sim_run,4.083,5,0,24,0.000,1.299
sim_run,4.100,5,0,24,0.000,1.300
sim_run,4.117,5,0,24,0.000,1.300
sim_run,4.133,5,0,24,0.000,1.300
sim_run,4.150,5,0,24,0.000,1.301
sim_run,4.167,5,0,24,0.000,1.301
sim_run,4.183,5,0,24,0.000,1.302
sim_run,4.200,5,0,24,0.000,1.302
sim_run,4.217,5,0,24,0.000,1.303
sim_run,4.233,5,0,24,0.000,1.303
sim_run,4.250,5,0,24,0.000,1.304
sim_run,4.267,5,0,24,0.000,1.304
sim_run,4.283,5,0,24,0.000,1.304
sim_run,4.300,5,0,24,0.000,1.305
sim_run,4.317,5,0,24,0.000,1.305
sim_run,4.333,5,0,24,0.000,1.306
sim_run,4.350,5,0,24,0.000,1.306
sim_run,4.367,5,0,24,0.000,1.307
sim_run,4.383,5,0,24,0.000,1.307
sim_run,4.400,5,0,24,0.000,1.307
sim_run,4.417,5,0,24,0.000,1.308
sim_run,4.433,5,0,24,0.000,1.308
sim_run,4.450,5,0,24,0.000,1.308
sim_run,4.467,5,0,24,0.000,1.309
sim_run,4.483,5,0,24,0.000,1.309
sim_run,4.500,5,0,24,0.000,1.310
sim_run,4.517,5,0,24,0.000,1.310
sim_run,4.533,5,0,24,0.000,1.310
sim_run,4.550,5,0,24,0.000,1.311
sim_run,4.567,5,0,24,0.000,1.311
sim_run,4.583,5,0,24,0.000,1.311
sim_run,4.600,5,0,24,0.000,1.312
sim_run,4.617,5,0,24,0.000,1.312
sim_run,4.633,5,0,24,0.000,1.312
sim_run,4.650,5,0,24,0.000,1.313
sim_run,4.667,5,0,24,0.000,1.313
sim_run,4.683,5,0,24,0.000,1.313
sim_run,4.700,5,0,24,0.000,1.314
sim_run,4.717,5,0,24,0.000,1.314
sim_run,4.733,5,0,24,0.000,1.314
sim_run,4.750,5,0,24,0.000,1.314
sim_run,4.767,5,0,24,0.000,1.315
sim_run,4.783,5,0,24,0.000,1.315
sim_run,4.800,5,0,24,0.000,1.315
sim_run,4.817,5,0,24,0.000,1.316
sim_run,4.833,5,0,24,0.000,1.316
sim_run,4.850,5,0,24,0.000,1.316
sim_run,4.867,5,0,24,0.000,1.316
sim_run,4.883,5,0,24,0.000,1.317
sim_run,4.900,5,0,24,0.000,1.317
sim_run,4.917,5,0,24,0.000,1.317
sim_run,4.933,5,0,24,0.000,1.317
sim_run,4.950,5,0,24,0.000,1.318
sim_run,4.967,5,0,24,0.000,1.318
sim_run,4.983,5,0,24,0.000,1.318
sim_run,5.000,5,0,24,0.000,1.318
sim_run,5.017,5,0,24,0.000,1.318
sim_run,5.033,5,0,24,0.000,1.319
sim_run,5.050,5,0,24,0.000,1.319
sim_run,5.067,5,0,24,0.000,1.319
sim_run,5.083,5,0,24,0.000,1.319
sim_run,5.100,5,0,24,0.000,1.319
sim_run,5.117,5,0,24,0.000,1.320
sim_run,5.133,5,0,24,0.000,1.320
sim_run,5.150,5,0,24,0.000,1.320
sim_run,5.167,5,0,24,0.000,1.320
sim_run,5.183,5,0,24,0.000,1.320
sim_run,5.200,5,0,24,0.000,1.321
sim_run,5.217,5,0,24,0.000,1.321
sim_run,5.233,5,0,24,0.000,1.321
sim_run,5.250,6,0,24,0.000,1.314
sim_run,5.267,6,0,24,0.000,1.313
sim_run,5.283,6,0,24,0.000,1.312
sim_run,5.300,6,0,24,0.000,1.311
sim_run,5.317,6,0,24,0.000,1.310
sim_run,5.333,6,0,24,0.000,1.310
sim_run,5.350,6,0,24,0.000,1.309
sim_run,5.367,6,0,24,0.000,1.308
sim_run,5.383,6,0,24,0.000,1.307
sim_run,5.400,6,0,24,0.000,1.307
sim_run,5.417,6,0,24,0.000,1.306
sim_run,5.433,6,0,24,0.000,1.305
sim_run,5.450,6,0,24,0.000,1.305
sim_run,5.467,6,0,24,0.000,1.304
sim_run,5.483,6,0,24,0.000,1.303
sim_run,5.500,6,0,24,0.000,1.303
sim_run,5.517,6,0,24,0.000,1.302
sim_run,5.533,6,0,24,0.000,1.302
sim_run,5.550,6,0,24,0.000,1.301
sim_run,5.567,6,0,24,0.000,1.301
sim_run,5.583,6,0,24,0.000,1.300
sim_run,5.600,6,0,24,0.000,1.300
sim_run,5.617,6,0,24,0.000,1.299
sim_run,5.633,6,0,24,0.000,1.299
sim_run,5.650,6,0,24,0.000,1.298
sim_run,5.667,6,0,24,0.000,1.298
sim_run,5.683,6,0,24,0.000,1.298
sim_run,5.700,6,0,24,0.000,1.297
sim_run,5.717,6,0,24,0.000,1.297
sim_run,5.733,6,0,24,0.000,1.296
sim_run,5.750,6,0,24,0.000,1.296
sim_run,5.767,6,0,24,0.000,1.296
sim_run,5.783,6,0,24,0.000,1.295
sim_run,5.800,6,0,24,0.000,1.295
sim_run,5.817,6,0,24,0.000,1.295
sim_run,5.833,6,0,24,0.000,1.295
sim_run,5.850,6,0,24,0.000,1.294
sim_run,5.867,6,0,24,0.000,1.294
sim_run,5.883,6,0,24,0.000,1.294
sim_run,5.900,6,0,24,0.000,1.294
sim_run,5.917,6,0,24,0.000,1.293
sim_run,5.933,6,0,24,0.000,1.293
sim_run,5.950,6,0,24,0.000,1.293
sim_run,5.967,6,0,24,0.000,1.293
sim_run,5.983,6,0,24,0.000,1.293
sim_run,6.000,6,0,24,0.000,1.292
sim_run,6.017,6,0,24,0.000,1.292
sim_run,6.033,6,0,24,0.000,1.292
sim_run,6.050,6,0,24,0.000,1.292
sim_run,6.067,6,0,24,0.000,1.292
sim_run,6.083,6,0,24,0.000,1.291
sim_run,6.100,6,0,24,0.000,1.291
sim_run,6.117,6,0,24,0.000,1.291
sim_run,6.133,6,0,24,0.000,1.291
sim_run,6.150,6,0,24,0.000,1.291
sim_run,6.167,6,0,24,0.000,1.291
sim_run,6.183,6,0,24,0.000,1.291
sim_run,6.200,6,0,24,0.000,1.290
sim_run,6.217,6,0,24,0.000,1.290
sim_run,6.233,6,0,24,0.000,1.290
sim_run,6.250,6,0,24,0.000,1.290
sim_run,6.267,6,0,24,0.000,1.290
sim_run,6.283,6,0,24,0.000,1.290
sim_run,6.300,6,0,24,0.000,1.290
sim_run,6.317,6,0,24,0.000,1.290
sim_run,6.333,6,0,24,0.000,1.290
sim_run,6.350,6,0,24,0.000,1.290
sim_run,6.367,6,0,24,0.000,1.289
sim_run,6.383,6,0,24,0.000,1.289
sim_run,6.400,6,0,24,0.000,1.289
sim_run,6.417,6,0,24,0.000,1.289
sim_run,6.433,6,0,24,0.000,1.289
sim_run,6.450,6,0,24,0.000,1.289
sim_run,6.467,7,0,24,0.000,1.283
sim_run,6.483,7,0,24,0.000,1.283
sim_run,6.500,7,0,24,0.000,1.283
sim_run,6.517,7,0,24,0.000,1.283
sim_run,6.533,7,0,24,0.000,1.283
sim_run,6.550,7,0,24,0.000,1.283
sim_run,6.567,7,0,24,0.000,1.283
sim_run,6.583,7,0,24,0.000,1.283
sim_run,6.600,7,0,24,0.000,1.282
sim_run,6.617,7,0,24,0.000,1.282
sim_run,6.633,7,0,24,0.000,1.282
sim_run,6.650,7,0,24,0.000,1.282
sim_run,6.667,7,0,24,0.000,1.282
sim_run,6.683,7,0,24,0.000,1.282
sim_run,6.700,7,0,24,0.000,1.282
sim_run,6.717,7,0,24,0.000,1.282
sim_run,6.733,7,0,24,0.000,1.282
sim_run,6.750,7,0,24,0.000,1.282
sim_run,6.767,7,0,24,0.000,1.282
sim_run,6.783,7,0,24,0.000,1.282
sim_run,6.800,7,0,24,0.000,1.282
sim_run,6.817,7,0,24,0.000,1.282
sim_run,6.833,7,0,24,0.000,1.282
sim_run,6.850,7,0,24,0.000,1.282
sim_run,6.867,7,0,24,0.000,1.282
sim_run,6.883,7,0,24,0.000,1.282
sim_run,6.900,7,0,24,0.000,1.282
sim_run,6.917,7,0,24,0.000,1.282
sim_run,6.933,7,0,24,0.000,1.282
sim_run,6.950,7,0,24,0.000,1.282
sim_run,6.967,7,0,24,0.000,1.282
sim_run,6.983,7,0,24,0.000,1.282
sim_run,7.000,7,0,24,0.000,1.282
sim_run,7.017,7,0,24,0.000,1.282
sim_run,7.033,7,0,24,0.000,1.282
sim_run,7.050,7,0,24,0.000,1.282
sim_run,7.067,7,0,24,0.000,1.282
sim_run,7.083,7,0,24,0.000,1.282
sim_run,7.100,7,0,24,0.000,1.282
sim_run,7.117,7,0,24,0.000,1.282
sim_run,7.133,7,0,24,0.000,1.282
sim_run,7.150,7,0,24,0.000,1.282
sim_run,7.167,7,0,24,0.000,1.282
sim_run,7.183,7,0,24,0.000,1.282
sim_run,7.200,7,0,24,0.000,1.282
sim_run,7.217,8,0,24,0.000,1.268
sim_run,7.233,8,0,24,0.000,1.267
sim_run,7.250,8,0,24,0.000,1.267
sim_run,7.267,8,0,24,0.000,1.266
sim_run,7.283,8,0,24,0.000,1.265
sim_run,7.300,8,0,24,0.000,1.265
sim_run,7.317,8,0,24,0.000,1.264
sim_run,7.333,8,0,24,0.000,1.263
sim_run,7.350,8,0,24,0.000,1.263
sim_run,7.367,8,0,24,0.000,1.262
sim_run,7.383,8,0,24,0.000,1.262
sim_run,7.400,8,0,24,0.000,1.261
sim_run,7.417,9,0,24,0.000,1.269
sim_run,7.433,9,0,24,0.000,1.267
sim_run,7.450,9,0,24,0.000,1.265
sim_run,7.467,9,0,24,0.000,1.263
sim_run,7.483,9,0,24,0.000,1.262
sim_run,7.500,9,0,24,0.000,1.260
sim_run,7.517,9,0,24,0.000,1.258
sim_run,7.533,9,0,24,0.000,1.257
sim_run,7.550,9,0,24,0.000,1.256
sim_run,7.567,9,0,24,0.000,1.254
sim_run,7.583,9,0,24,0.000,1.253
sim_run,7.600,9,0,24,0.000,1.252
sim_run,7.617,9,0,24,0.000,1.250
sim_run,7.633,9,0,24,0.000,1.249
sim_run,7.650,9,0,24,0.000,1.248
sim_run,7.667,9,0,24,0.000,1.247
sim_run,7.683,9,0,24,0.000,1.246
sim_run,7.700,9,0,24,0.000,1.245
sim_run,7.717,9,0,24,0.000,1.244
sim_run,7.733,9,0,24,0.000,1.243
sim_run,7.750,9,0,24,0.000,1.242
sim_run,7.767,9,0,24,0.000,1.241
sim_run,7.783,9,0,24,0.000,1.240
sim_run,7.800,9,0,24,0.000,1.239
sim_run,7.817,9,0,24,0.000,1.238
sim_run,7.833,9,0,24,0.000,1.237
sim_run,7.850,9,0,24,0.000,1.237
sim_run,7.867,9,0,24,0.000,1.236
sim_run,7.883,9,0,24,0.000,1.235
sim_run,7.900,9,0,24,0.000,1.235
sim_run,7.917,9,0,24,0.000,1.234
sim_run,7.933,9,0,24,0.000,1.233
sim_run,7.950,9,0,24,0.000,1.233
sim_run,7.967,9,0,24,0.000,1.232
sim_run,7.983,9,0,24,0.000,1.232
sim_run,8.000,9,0,24,0.000,1.231
sim_run,8.017,9,0,24,0.000,1.231
sim_run,8.033,9,0,24,0.000,1.230
sim_run,8.050,9,0,24,0.000,1.230
sim_run,8.067,9,0,24,0.000,1.229
sim_run,8.083,9,0,24,0.000,1.229
sim_run,8.100,9,0,24,0.000,1.229
sim_run,8.117,9,0,24,0.000,1.228
sim_run,8.133,9,0,24,0.000,1.228
sim_run,8.150,9,0,24,0.000,1.227
sim_run,8.167,9,0,24,0.000,1.227
sim_run,8.183,9,0,24,0.000,1.227
sim_run,8.200,9,0,24,0.000,1.227
sim_run,8.217,9,0,24,0.000,1.226
sim_run,8.233,9,0,24,0.000,1.226
sim_run,8.250,9,0,24,0.000,1.226
sim_run,8.267,9,0,24,0.000,1.226
sim_run,8.283,9,0,24,0.000,1.225
sim_run,8.300,9,0,24,0.000,1.225
sim_run,8.317,9,0,24,0.000,1.225
sim_run,8.333,9,0,24,0.000,1.225
sim_run,8.350,9,0,24,0.000,1.225
sim_run,8.367,9,0,24,0.000,1.224
sim_run,8.383,9,0,24,0.000,1.224
sim_run,8.400,9,0,24,0.000,1.224
sim_run,8.417,9,0,24,0.000,1.224
sim_run,8.433,9,0,24,0.000,1.224
